no,학번,점수,이유,날짜,이름,메일제목,추정하는 학번,type
68,,,,"Wed, 1 Apr 2026 17:29:39 +0900",KHYAM PRASAD BASHYAL,About your urgent notice,,
140,2026300032,,,"Wed, 01 Apr 2026 01:18:37 -0700",khyam06-star,khyam06-star invited you to khyam06-star/assignment0.5-2026300032,2026300032,git
25,,,,"Wed, 01 Apr 2026 01:14:00 -0700",BK SUNIL,sunilbishowkarma2003-jpg invited you to sunilbishowkarma2003-jpg/assignment-5,,git
19,,,,"Tue, 31 Mar 2026 09:37:37 +0900",Ashma Tamøng,Feedback regarding university facilities,,
151,2026300076,,,"Thu, 26 Mar 2026 20:30:31 +0900",판 티리엔,과제0.4 2026300076,2026300076,
41,2026300003,,,"Thu, 26 Mar 2026 15:11:33 +0900",Devaki Gurung,Subject: Assignment 0.4 (2026300003),2026300003,1
131,2026300081,,,"Thu, 26 Mar 2026 11:26:23 +0700",Thu Nguyenthi,homework0.4 2026300081,2026300081,
113,2026300020,,,"Thu, 26 Mar 2026 00:21:15 +0900",Sajja giri,"Homework04, 2026300020",2026300020,
129,2026300092,,,"Thu, 2 Apr 2026 23:29:35 +0900",Thiên Nguyễn thị,예: 과제0.5 2026300092,2026300092,
9,2026300007,,,"Thu, 2 Apr 2026 22:16:27 +0900",ALISH PANDEY,Assignment0.5 2026300007,2026300007,
32,2026300045,,,"Thu, 2 Apr 2026 18:59:48 +0900",Bilon Dulal,Assignment 0.5 2026300045,2026300045,0.5
11,2026300007,,,"Thu, 2 Apr 2026 17:05:57 +0900",ALISH PANDEY,Microassignment 0.5 2026300007,2026300007,0.5
86,2026300018,,,"Thu, 2 Apr 2026 16:42:21 +0900",Mahima Manandhar,Assignment0.5 2026300018,2026300018,
72,2026300080,,,"Thu, 2 Apr 2026 13:31:26 +0900",LAN ANH,과제0.5 2026300080,2026300080,
126,2026300089,,,"Thu, 2 Apr 2026 10:17:32 +0900",Thanh Ngô Quang,Assignment 0.5 2026300089,2026300089,0.5
136,2026300087,,,"Thu, 2 Apr 2026 10:04:59 +0900",Thị Mỹ Duyên Phan,Assignment0.5 2026300087,2026300087,
59,2026300079,,,"Thu, 2 Apr 2026 09:36:09 +0900",Hiếu Đào,homework05 2026300079,2026300079,
62,2026300088,,,"Thu, 2 Apr 2026 06:47:23 +0700",Hồng Đồng,Assignment0.5 2026300088,2026300088,
105,2026300086,,,"Thu, 2 Apr 2026 01:10:51 +0900",Quân Min,과제0.5 2026300086,2026300086,
132,2026300081,,,"Thu, 2 Apr 2026 01:01:34 +0700",Thu Nguyenthi,과제0.5 2026300081,2026300081,
110,2026300097,,,"Thu, 2 Apr 2026 00:38:09 +0900",SEA Town,과제0.5 2026300097,2026300097,
3,2026300021,,,"Thu, 19 Mar 2026 23:09:58 +0900",AADITYA RAJ SHRESTHA,과제 0.2 SHRESTHA AADITYA RAJ 2026300021,2026300021,
29,2026300019,,,"Thu, 19 Mar 2026 22:59:54 +0900",Bibash Sinjali magar,2026300019 SINJALI BIBASH MAGAR,2026300019,
31,2026300045,,,"Thu, 19 Mar 2026 20:25:29 +0900",Bilon Dulal,2026300045 Dulal Bilon,2026300045,
149,2026300076,,,"Thu, 19 Mar 2026 11:45:32 +0900",판 티리엔,과제0.2 2026300076,2026300076,
148,2026300076,,,"Sun, 8 Mar 2026 22:10:26 +0700",판 티리엔,[2026300076 판 티 리엔] 자기소개 메일,2026300076,
120,,,,"Sun, 8 Mar 2026 22:02:21 +0545",Sushmita Thapa,Email about introducing myself,,
89,202600075,,,"Sun, 8 Mar 2026 20:42:21 +0700",Mai Anh Đỗ,[202600075 Do Thi Mai Anh] 자기소개 메일,202600075,
67,2026300030,,,"Sun, 29 Mar 2026 23:24:54 +0900",K SUNIL B,Assignment0.5 2026300030,2026300030,
70,2026300032,,,"Sun, 29 Mar 2026 19:22:31 +0900",KHYAM PRASAD BASHYAL,assignment0.5 2026300032,2026300032,
66,2026300030,,,"Sun, 29 Mar 2026 17:24:00 +0900",K SUNIL B,Assignment0.5 2026300030,2026300030,
23,2026300024,,,"Sun, 29 Mar 2026 14:35:51 +0900",BIRENDRA SHAHI,Assignment0. 4 2026300024,2026300024,
49,,,,"Sun, 29 Mar 2026 13:45:59 +0900",Hiếu Nguyễn Đức,"Re: Mục được chia sẻ với bạn: ""py05-slide.pdf""",,
55,2026300091,,,"Sun, 29 Mar 2026 13:42:49 +0900",Hiếu Nguyễn Đức,과제0.5 2026300091,2026300091,
54,2026300091,,,"Sun, 29 Mar 2026 13:35:43 +0900",Hiếu Nguyễn Đức,과제0.5 2026300091,2026300091,
57,,1,,"Sun, 29 Mar 2026 04:48:34 +0000",Hiếu Nguyễn Đức (Google Forms에서 공유),"""주차별 과제 제출 폼 (Weekly Assignment Submission via GitHub Commit Hash)""에 대한 공유 요청",,first finder
56,,1,,"Sun, 29 Mar 2026 03:46:27 +0000",Hiếu Nguyễn Đức (Google Drive에서 공유),"""py05-slide.pdf""에 대한 공유 요청",,first finder
69,2026300032,,,"Sun, 29 Mar 2026 00:04:53 +0900",KHYAM PRASAD BASHYAL,Assignment0.4 2026300032,2026300032,
45,2026300001,,,"Sun, 22 Mar 2026 11:41:44 +0900",Dilip Duwadi,2026300001-Self introduction Email,2026300001,
64,2026300088,,,"Sat, 7 Mar 2026 23:26:16 +0700",Hồng Đồng,글로벌한국어학과_2026300088_동이홍]계정 완료 인증샷 3층,2026300088,
100,2026300086,,,"Sat, 7 Mar 2026 23:05:59 +0700",Quân Min,(글로벌한국어학과_ 2026300086_PHAM MINH QUAN) 자기소개 메일,2026300086,
63,2026300088,,,"Sat, 7 Mar 2026 22:59:22 +0700",Hồng Đồng,글로벌한국어학과_2026300088_동이홍] 자기소게 메일,2026300088,
124,2026300026,,,"Sat, 7 Mar 2026 20:48:03 +0545",Tanishq Praveen,[2026300026 Tanishq Praveen] Self- Introduction Email,2026300026,
108,2026300029,,,"Sat, 7 Mar 2026 12:52:19 +0545",RUBIKA GORACHAN,[2026300029 Rubika Gorachan] Self-Introduction Email,2026300029,
130,2026300081,,,"Sat, 7 Mar 2026 11:56:10 +0700",Thu Nguyenthi,[2026300081 응우옌 티 투] 자기소개 메일,2026300081,
43,,,,"Sat, 28 Mar 2026 23:55:31 +0900",Dhanraj Sunar,Assignment week 4,,
30,2026300025,,,"Sat, 28 Mar 2026 21:29:34 +0900",Bidur Rupakheti,Assignment 0.4 (2026300025),2026300025,0.9
33,2026300027,,,"Sat, 28 Mar 2026 21:19:07 +0900",DEVRAJ TAMATTA,Assignment 0.4 2026300027,2026300027,1
47,,,,"Sat, 28 Mar 2026 20:47:18 +0900",Dipesh Oli,My introduction week 1,,
83,2026300023,,,"Sat, 28 Mar 2026 20:39:11 +0900",MANOJ PARIYAR,self-introduction week0.1 2026300023,2026300023,
34,,,,"Sat, 28 Mar 2026 19:34:25 +0900",DEVRAJ TAMATTA,Assignment of week 4,,
46,2026300015,,,"Sat, 28 Mar 2026 19:31:37 +0900",Dipesh Oli,Assignments0.4 2026300015,2026300015,
116,,,,"Sat, 28 Mar 2026 18:43:59 +0900",Semina Rawal,Week 4 assignment Follow up,,
94,,,,"Sat, 28 Mar 2026 18:42:37 +0900",Meenakshi Rc,Week four assignment,,
93,,,,"Sat, 28 Mar 2026 16:06:02 +0900",Manisha Baniya,Study windows or Chrome shortcut key,,
92,,,,"Sat, 28 Mar 2026 15:54:02 +0900",Manisha Baniya,Homework about the class,,
109,,,,"Sat, 28 Mar 2026 13:05:25 +0900",Rubika Gorachan,Assignment week 04,,
65,2026300030,,,"Sat, 28 Mar 2026 13:01:18 +0900",K SUNIL B,Assignment0.4 2026300030,2026300030,
96,2026300031,,,"Sat, 28 Mar 2026 12:44:35 +0545",NIRAJ BAMJAN,subject:Assignment0.4 2026300031,2026300031,
53,2026300091,,,"Sat, 28 Mar 2026 10:27:57 +0900",Hiếu Nguyễn Đức,과제0.4 2026300091,2026300091,
147,2026300098,,,"Sat, 28 Mar 2026 08:29:17 +0900",Ánh Ngọc,과제0.4[2026300098],2026300098,
52,2026300091,,,"Sat, 28 Mar 2026 01:10:35 +0900",Hiếu Nguyễn Đức,[과제0.4 2026300091 응웅옌 득 히에우] 자기 소개 메일,2026300091,
51,2026300091,,,"Sat, 28 Mar 2026 00:46:23 +0900",Hiếu Nguyễn Đức,[2026300091 응웅옌 득 히에우] 자기 소개 메일,2026300091,
82,,,,"Sat, 28 Mar 2026 00:17:36 +0900",MANOJ PARIYAR,"Dear professor, My name is Manoj Pariyar, and I am currently a student pursuing Computer Engineering in South Korea. I am originally from Nepal and have a strong interest in technology, especially in software development and artificial intelligence. Alongside my studies, I also like to play soccer ball here in university. I am passionate about learning new technologies and continuously improving my skills. My future goal is to become a professional software developer and eventually establish my own tech company that can contribute to solving real-world problems. Thank you for your time and consideration. I look forward to any opportunity to learn and grow. Sincerely, Pariyar Manoj",,
97,2026300093,,,"Sat, 28 Mar 2026 00:05:42 +0900",Ngọc Bích Cao Thị,과제0.4 2026300093,2026300093,
90,2026300075,,,"Sat, 21 Mar 2026 23:45:01 +0900",Mai Anh Đỗ,과제0.3 2026300075,2026300075,
150,2026300076,,,"Sat, 21 Mar 2026 17:47:31 +0900",판 티리엔,과제0.3 2026300076,2026300076,
88,2026300018,,,"Sat, 21 Mar 2026 13:59:02 +0900",Mahima Manandhar,과제0.3 [2026300018],2026300018,
145,,,,"Sat, 07 Mar 2026 11:41:14 -0800",sushmitathapa537,sushmitathapa537 invited you to sushmitathapa537/supreme-train,,git
84,2026300018,,,"Mon, 9 Mar 2026 23:01:02 -0700",Mahima Manandhar,(2026300018 Manandhar Mahima) Self-Introduction Email,2026300018,
101,2026300086,,,"Mon, 30 Mar 2026 10:48:43 +0900",Quân Min,Assignment0.4 2026300086,2026300086,
103,2026300086,,,"Mon, 30 Mar 2026 10:41:37 +0900",Quân Min,homework 0.4 2026300086,2026300086,0.4
42,,,,"Fri, 6 Mar 2026 03:12:29 -0800",Devaki Gurung,Subject:- Week01 Assignment- Self Introduction and Github.,,
5,2026300028,,,"Fri, 3 Apr 2026 16:31:10 +0900",AASHISH BHATT,Assignment.5 2026300028,2026300028,
24,2026300024,,,"Fri, 3 Apr 2026 15:56:14 +0900",BIRENDRA SHAHI,Assignment0.5 2026300024,2026300024,
81,2026300023,,,"Fri, 3 Apr 2026 15:00:36 +0900",MANOJ PARIYAR,Assignment0.5 2026300023,2026300023,
16,2026300083,,,"Fri, 3 Apr 2026 03:02:24 +0900",Anh Tuấn Nguyễn,과제0.5 2026300083,2026300083,
73,2026300101,,,"Fri, 27 Mar 2026 23:40:28 +0900",Linh Chi Phan,과제0.4 2026300101,2026300101,
123,2026300026,,,"Fri, 27 Mar 2026 23:31:48 +0900",Tanishq Praveen,Assignment0. 4 2026300026,2026300026,
80,2026300023,,,"Fri, 27 Mar 2026 23:29:41 +0900",MANOJ PARIYAR,Assignment0.4 2026300023,2026300023,
141,2026300084,,,"Fri, 27 Mar 2026 23:03:40 +0900",mi juu juu san,과제0.4 2026300084,2026300084,
60,2026300096,,,"Fri, 27 Mar 2026 22:57:10 +0900",Hùng Trương,과제0.4 2026300096,2026300096,
134,202630078,,,"Fri, 27 Mar 2026 22:40:30 +0900",Thế anh,과제0.4 202630078,202630078,
125,2026300077,,,"Fri, 27 Mar 2026 22:30:47 +0900",Thang DUONG QUANG,과제0.4 2026300077,2026300077,
13,,,,"Fri, 27 Mar 2026 21:22:56 +0900",ANIK ROY,Homework0.4,,
99,,,,"Fri, 27 Mar 2026 20:26:15 +0900",Puza Bhlon,Assignment 0.4 Submission,,0.7
98,,,,"Fri, 27 Mar 2026 20:23:36 +0900",Nila Gole,Assignment 0.4 gole nila,,0.7
17,2026300010,,,"Fri, 27 Mar 2026 20:23:13 +0900",Ashish Luitel,Assignment0.4 student id[2026300010],2026300010,
8,2026300007,,,"Fri, 27 Mar 2026 19:50:52 +0900",ALISH PANDEY,Assignment0.4 2026300007,2026300007,
85,,,,"Fri, 27 Mar 2026 19:31:51 +0900",Mahima Manandhar,Assignment 0.4 Submission,,0.7
18,2026300016,,,"Fri, 27 Mar 2026 19:29:24 +0900",Ashma Tamøng,Assignment0.4 2026300016,2026300016,
36,,,,"Fri, 27 Mar 2026 19:21:11 +0900",DILIP DUWADI,Assignment 0.4 Submission,,0.7
139,,,,"Fri, 27 Mar 2026 19:16:44 +0900",UTSAV KANDEL,Assignment 0.4 Submission,,0.7
4,2026300021,,,"Fri, 27 Mar 2026 19:13:07 +0900",AADITYA RAJ SHRESTHA,과제0.3 2026300021,2026300021,
20,206300016,,,"Fri, 27 Mar 2026 19:04:45 +0900",Ashma Tamøng,과제0.2 (206300016),206300016,
79,2026300019,,,"Fri, 27 Mar 2026 19:04:19 +0900",MAGAR BIBASH SINJALI,과제 0.3 2026300019,2026300019,0.3
39,2026300001,,,"Fri, 27 Mar 2026 18:54:20 +0900",DILIP DUWADI,과제0.4 2026300001,2026300001,
38,2026300001,,,"Fri, 27 Mar 2026 18:24:45 +0900",DILIP DUWADI,과제0.3 [2026300001],2026300001,
135,2026300087,,,"Fri, 27 Mar 2026 18:22:33 +0900",Thị Mỹ Duyên Phan,Assignment0.4 2026300087,2026300087,
77,2026300019,,,"Fri, 27 Mar 2026 18:10:22 +0900",MAGAR BIBASH SINJALI,Assignment 0.3 2026300019,2026300019,0.3
21,2026300045,,,"Fri, 27 Mar 2026 18:07:03 +0900",BILON DULAL,2026300045 Dulal Bilon,2026300045,
2,2026300021,,,"Fri, 27 Mar 2026 17:59:43 +0900",AADITYA RAJ SHRESTHA,"Micro-Assignment 0.3 , 2026300021",2026300021,0.3
35,2026300001,,,"Fri, 27 Mar 2026 17:20:07 +0900",DILIP DUWADI,"Assignment 0.3, 2026300001",2026300001,0.3
71,2026300080,,,"Fri, 27 Mar 2026 17:10:34 +0900",LAN ANH,Assignment0.4 2026300080,2026300080,
127,2026300089,,,"Fri, 27 Mar 2026 16:37:03 +0900",Thanh Ngô Quang,Assignment0.4 2026300089,2026300089,
118,,,,"Fri, 27 Mar 2026 16:14:51 +0900",Sushmita Thapa,Assignment 0.4 submission,,0.7
137,2026300087,,,"Fri, 27 Mar 2026 15:34:58 +0900",Thị Mỹ Duyên Phan,과제0.4 2026300087,2026300087,
119,,,,"Fri, 27 Mar 2026 15:29:35 +0900",Sushmita Thapa,Assignment 0.4 submisssion,,0.7
122,,,,"Fri, 27 Mar 2026 15:11:53 +0900",Sweta Subedi Chhetri,Assignment 0.4 Submission,,0.7
117,,,,"Fri, 27 Mar 2026 15:07:13 +0900",Sushmita Thapa,Assignment 0.4 submission,,0.7
112,,,,"Fri, 27 Mar 2026 14:49:06 +0900",Sajja giri,Assignment 0.4 Submission,,0.7
61,2026300088,,,"Fri, 27 Mar 2026 14:36:37 +0700",Hồng Đồng,Assignment0.4 2026300088,2026300088,
58,2026300079,,,"Fri, 27 Mar 2026 13:49:01 +0900",Hiếu Đào,homework04 2026300079,2026300079,
75,2026300094,,,"Fri, 27 Mar 2026 12:57:13 +0900",Lộc Đinh,과제 0.4 2026300094,2026300094,1
111,,,,"Fri, 27 Mar 2026 12:30:49 +0900",Sabina Gomja,Assignment 0.4 submission,,0.7
142,2026300100,,,"Fri, 27 Mar 2026 12:12:17 +0900",nhật đậu bá,과제0.4 2026300100,2026300100,
95,2026300011,,,"Fri, 27 Mar 2026 12:09:50 +0900",Mogoor Archana,과제0.2 (2026300011),2026300011,
91,2026300075,,,"Fri, 27 Mar 2026 11:29:47 +0900",Mai Anh Đỗ,과제0.4 2026300075,2026300075,
14,2026300083,,,"Fri, 27 Mar 2026 10:15:55 +0900",Anh Tuấn Nguyễn,과제0.4 2026300083,2026300083,
74,2026300095,,,"Fri, 27 Mar 2026 06:43:40 -0700",Long Trần Nhật,과제0.4 2026300095,2026300095,
22,2026300045,,,"Fri, 27 Mar 2026 02:34:41 +0900",BILON DULAL,Assignment0.4 2026300045,2026300045,
1,,,,"Fri, 27 Mar 2026 02:20:41 +0900",AADITYA RAJ SHRESTHA,Assignment 0.4 Submission,,0.7
76,,1,,"Fri, 27 Mar 2026 02:00:26 +0000",Lộc Đinh (Google Docs에서 공유),"""py 02 핸드아웃 ""에 대한 공유 요청",,first finder
37,2026300001,,,"Fri, 27 Mar 2026 01:22:28 +0900",DILIP DUWADI,"Assignment 0.4, Student I'd:2026300001",2026300001,1
78,2026300019,,,"Fri, 27 Mar 2026 00:55:29 +0900",MAGAR BIBASH SINJALI,assignment 0.4 2026300019,2026300019,1
128,2026300092,,,"Fri, 27 Mar 2026 00:01:18 +0900",Thiên Nguyễn thị,Homework04 2026300092,2026300092,